PlayerName,Age,Team,Bats,Games,PlateAppearances,Doubles,Triples,IntWalks,SacBunts,SacFlies,HitByPitch,StolenBases,CaughtStealing
Jim Acker,27,TOT,R,21,28,1,0,0,0,0,0,0,0
Jim Adduci,26,MIL,L,3,13,1,0,0,1,0,0,0,0
Luis Aguayo,27,PHI,R,62,146,6,1,0,0,2,3,1,1
Rick Aguilera,24,NYM,R,32,57,0,0,0,3,0,0,0,0
Darrel Akerfelds,24,OAK,R,1,0,0,0,0,0,0,0,0,0
Mike Aldrete,25,SFG,L,84,256,18,3,4,4,1,2,1,3
Doyle Alexander,35,TOT,R,18,45,1,0,0,6,1,0,0,0
Andy Allanson,24,CLE,R,101,324,7,3,0,11,4,1,10,1
Bill Almon,33,PIT,R,102,230,7,2,2,1,3,0,11,4
Ed Amelung,27,LAD,L,8,11,0,0,0,0,0,0,0,0
Larry Andersen,33,TOT,R,48,7,0,0,0,1,0,0,0,0
Allan Anderson,22,MIN,L,1,0,0,0,0,0,0,0,0,0
Dave Anderson,25,LAD,R,92,241,9,0,1,2,1,0,5,1
Rick Anderson,29,NYM,R,15,12,0,0,0,1,0,0,0,0
Tony Armas,32,BOS,R,121,453,21,4,1,0,2,2,0,3
Randy Asadoor,23,SDP,R,15,60,5,0,1,2,0,0,1,2
Alan Ashby,34,HOU,S,120,361,15,0,9,1,6,0,1,0
Paul Assenmacher,25,ATL,L,61,8,0,0,0,0,0,0,0,0
Keith Atherton,27,TOT,R,3,0,0,0,0,0,0,0,0,0
Wally Backman,26,NYM,S,124,440,18,2,1,14,3,0,13,7
Scott Bailes,24,CLE,L,1,0,0,0,0,0,0,0,0,0
Mark Bailey,24,HOU,S,57,182,5,0,6,0,1,0,1,1
Harold Baines,27,CHW,L,145,618,29,2,9,0,8,2,2,1
Doug Bair,36,OAK,R,1,0,0,0,0,0,0,0,0,0
Doug Baker,25,DET,S,13,30,1,0,0,4,0,0,0,0
Dusty Baker,37,OAK,R,83,271,8,0,1,0,2,0,0,1
Steve Balboni,29,KCR,R,138,562,25,1,2,0,6,1,0,0
Jay Baller,25,CHC,R,36,6,0,0,0,1,0,0,0,0
Chris Bando,30,CLE,S,92,290,9,0,0,10,3,1,0,1
Jesse Barfield,26,TOR,R,158,671,35,2,5,0,5,8,8,8
Greg Bargar,27,STL,R,22,2,0,0,0,0,0,0,0,0
Marty Barrett,28,BOS,R,158,713,39,4,0,18,4,1,15,7
Kevin Bass,27,HOU,S,157,640,33,5,11,1,4,6,22,13
Bill Bathe,25,OAK,R,39,112,3,0,0,6,0,1,0,0
Don Baylor,37,BOS,R,160,687,23,1,8,0,5,35,3,5
Billy Beane,24,MIN,R,80,194,6,0,0,0,0,0,2,3
Joe Beckwith,31,LAD,L,15,0,0,0,0,0,0,0,0,0
Steve Bedrosian,28,PHI,R,68,6,0,0,0,0,0,0,0,0
Buddy Bell,34,CIN,R,155,655,29,3,4,3,6,5,2,8
George Bell,26,TOR,R,159,690,38,6,3,0,6,2,7,8
Jay Bell,20,CLE,R,5,16,2,0,0,0,0,0,0,0
Terry Bell,23,KCR,R,8,5,0,0,0,0,0,0,0,0
Rafael Belliard,24,PIT,R,117,350,5,2,6,11,1,3,12,2
Bruce Benedict,30,ATL,R,64,183,10,1,1,4,1,2,1,0
Juan Beniquez,36,BAL,R,113,395,15,0,1,2,6,3,2,3
Juan Berenguer,31,SFG,R,46,10,0,0,0,3,0,0,0,0
Bruce Berenyi,31,NYM,R,14,12,0,0,0,1,0,0,0,0
Dave Bergman,33,DET,L,65,151,6,1,0,0,0,0,0,0
Tony Bernazard,29,CLE,S,146,636,28,4,5,7,8,6,17,8
Dale Berra,29,NYY,R,42,121,7,0,0,2,1,1,0,0
Buddy Biancalana,26,KCR,S,100,209,4,4,0,4,0,0,5,1
Mike Bielecki,26,PIT,R,31,54,0,0,0,4,0,0,0,0
Dann Bilardello,27,MON,R,79,212,5,0,3,7,0,0,1,0
Jeff Bittiger,24,PHI,R,3,4,0,0,0,1,0,0,0,0
Vida Blue,36,SFG,S,28,53,1,0,0,4,0,0,0,0
Bruce Bochte,35,OAK,L,125,473,13,1,3,0,1,0,3,2
Bruce Bochy,31,SDP,R,63,142,9,0,3,1,0,0,1,0
Randy Bockus,25,SFG,L,6,1,0,0,0,0,0,0,0,0
Joe Boever,25,STL,R,11,2,0,0,0,0,0,0,0,0
Wade Boggs,28,BOS,L,149,693,47,2,14,4,4,0,0,4
Barry Bonds,21,PIT,L,113,484,26,3,2,2,2,2,36,7
Bobby Bonilla,23,TOT,S,138,496,16,4,3,5,1,2,8,5
Juan Bonilla,30,BAL,R,102,316,10,1,0,4,0,3,0,0
Barry Bonnell,32,SEA,R,17,53,2,0,0,0,1,0,0,1
Greg Booker,26,SDP,R,9,0,0,0,0,0,0,0,0,0
Bob Boone,38,CAL,R,144,503,12,2,1,12,6,0,1,0
Thad Bosley,29,CHC,L,87,139,4,1,3,1,0,0,3,0
Daryl Boston,23,CHW,L,56,224,11,3,3,3,1,0,9,5
Phil Bradley,27,SEA,R,143,615,27,4,1,1,2,8,21,12
Scott Bradley,26,TOT,L,77,241,8,3,4,2,2,4,1,2
Glenn Braggs,23,MIL,R,58,232,8,2,0,2,3,1,1,1
Mickey Brantley,25,SEA,R,27,113,3,2,0,1,0,0,1,1
Sid Bream,25,PIT,L,154,591,37,5,5,1,7,1,13,7
Bob Brenly,32,SFG,R,149,560,26,0,10,5,3,3,10,6
George Brett,33,KCR,L,124,529,28,4,18,0,4,4,1,2
Mike Brewer,26,KCR,R,12,20,1,0,0,0,0,0,0,1
Greg Brock,29,LAD,L,115,367,13,0,5,1,4,0,2,5
Tom Brookens,32,DET,R,98,310,11,2,0,6,2,1,11,8
Hubie Brooks,29,MON,R,80,338,18,5,3,0,5,2,4,2
Bob Brower,26,TEX,R,21,9,1,0,0,0,0,0,1,2
Chris Brown,24,SFG,R,116,463,16,3,4,0,5,9,13,9
Curt Brown,26,MON,R,6,1,0,0,0,0,0,0,0,0
Mike Brown,26,PIT,R,87,273,7,0,3,0,3,0,2,3
Jerry Browne,20,TEX,S,12,25,2,0,0,0,0,0,0,2
Tom Browning,26,CIN,L,46,94,0,0,0,7,0,0,1,0
Tom Brunansky,25,MIN,R,157,655,28,1,4,1,7,1,12,4
Ralph Bryant,25,LAD,L,27,82,4,2,0,0,1,1,0,1
Bill Buckner,36,BOS,L,153,681,39,2,9,0,8,4,6,4
Steve Buechele,24,TEX,R,153,513,19,2,1,9,3,5,5,8
Eric Bullock,26,HOU,L,6,21,0,0,0,0,0,0,2,0
Tim Burke,27,MON,R,68,9,0,0,0,1,0,0,0,0
Rick Burleson,35,CAL,R,93,312,14,0,1,6,1,1,1,3
Ray Burris,35,STL,R,23,27,3,0,0,0,0,0,0,0
Randy Bush,27,MIN,L,130,402,19,7,2,1,1,4,5,3
Sal Butera,33,CIN,R,56,137,6,1,3,2,1,0,0,0
Brett Butler,29,CLE,L,161,683,17,14,1,17,5,4,32,15
Enos Cabell,36,LAD,R,107,298,11,0,2,2,3,2,10,4
Ivan Calderon,24,TOT,R,50,174,7,1,1,0,0,1,3,1
Jeff Calhoun,28,HOU,L,20,0,0,0,0,0,0,0,0,0
Bill Campbell,37,DET,R,1,0,0,0,0,0,0,0,0,0
Casey Candaele,25,MON,S,30,110,4,1,0,0,1,0,3,5
John Cangelosi,23,CHW,S,137,525,16,3,0,6,3,7,50,17
Jose Canseco,21,OAK,R,157,682,29,1,1,0,9,8,15,7
Steve Carlton,41,TOT,L,22,47,1,0,0,1,0,0,0,0
Don Carman,26,PHI,L,50,33,0,0,0,2,0,0,0,0
Gary Carter,32,NYM,R,132,573,14,2,9,0,15,6,1,0
Joe Carter,26,CLE,R,162,709,36,9,3,1,8,5,29,7
Carmelo Castillo,28,CLE,R,85,217,9,0,0,1,1,1,2,1
Juan Castillo,24,MIL,S,26,62,0,1,0,2,0,1,1,1
Cesar Cedeno,35,LAD,R,37,87,2,1,0,2,0,0,1,1
Rick Cerone,32,MIL,R,68,242,14,0,0,5,5,1,1,1
Ron Cey,38,CHC,R,97,306,21,0,1,1,2,3,0,0
Chris Chambliss,37,ATL,L,97,138,8,0,4,0,1,0,0,2
Rocky Childress,24,PHI,R,2,0,0,0,0,0,0,0,0,0
Steve Christmas,28,CHC,L,3,9,1,0,0,0,0,0,0,0
Dave Clark,23,CLE,L,18,68,1,0,0,2,1,0,1,0
Jack Clark,30,STL,R,65,280,12,2,4,0,1,1,1,1
Will Clark,22,SFG,L,111,458,27,2,10,9,4,3,4,7
Pat Clements,24,PIT,R,65,6,0,0,0,0,0,0,0,0
Dave Cochrane,23,CHW,S,19,68,2,0,1,1,0,0,0,0
Vince Coleman,24,STL,S,154,670,13,8,0,3,5,2,107,14
Darnell Coles,24,DET,R,142,587,30,2,3,7,8,6,6,2
Dave Collins,33,DET,S,124,476,18,2,0,9,2,2,27,12
Dave Concepcion,38,CIN,R,90,346,13,2,1,5,4,0,13,2
Tim Conroy,26,STL,L,26,40,2,0,0,8,0,0,0,0
Cecil Cooper,36,MIL,L,134,589,24,1,2,1,4,1,1,2
Doug Corbett,33,CAL,R,1,0,0,0,0,0,0,0,0,0
Tim Corcoran,33,NYM,L,6,9,0,0,1,0,0,0,0,0
Henry Cotto,25,NYY,R,35,83,3,0,0,0,1,0,3,0
Al Cowens,34,SEA,R,28,87,4,0,0,1,1,0,1,0
Joe Cowley,27,CHW,R,1,0,0,0,0,0,0,0,0,0
Danny Cox,26,STL,R,32,83,2,0,0,16,0,0,0,0
Rod Craig,28,CHW,S,10,12,0,0,0,0,0,0,0,0
Jose Cruz,38,HOU,L,141,536,22,4,12,0,2,0,3,4
Julio Cruz,31,CHW,S,81,256,2,0,0,2,3,0,7,2
Kal Daniels,22,CIN,L,74,207,10,4,1,1,1,2,15,2
Ron Darling,25,NYM,R,34,94,2,0,0,10,0,0,0,0
Danny Darwin,30,TOT,R,12,18,0,0,0,2,0,0,0,0
Darren Daulton,24,PHI,L,49,181,4,0,3,2,2,1,2,3
Andre David,28,MIN,L,5,6,0,0,0,0,0,1,0,0
Mark Davidson,25,MIN,R,36,77,3,0,0,3,0,0,2,3
Alvin Davis,25,SEA,L,135,562,18,1,10,2,2,3,0,3
Chili Davis,26,SFG,S,153,618,28,3,23,2,5,1,16,13
Eric Davis,24,CIN,R,132,487,15,3,5,0,3,1,80,11
Glenn Davis,25,HOU,R,158,654,32,3,6,0,7,9,3,1
Jody Davis,29,CHC,R,148,581,27,2,4,4,8,0,0,1
Mark Davis,25,SFG,L,67,8,1,0,0,0,0,0,0,0
Mike Davis,27,OAK,L,142,533,28,3,2,4,5,1,27,4
Ron Davis,30,TOT,R,18,2,0,0,0,0,0,0,0,0
Trench Davis,25,PIT,L,15,24,0,0,0,0,1,0,0,0
Bill Dawley,28,CHW,R,1,2,0,0,0,0,0,0,0,0
Andre Dawson,31,MON,R,130,546,32,2,11,1,6,6,18,12
Brian Dayett,29,CHC,R,24,76,4,0,0,0,3,0,0,1
Ken Dayley,27,STL,L,32,6,0,0,0,0,0,0,0,0
Ivan de Jesus,33,NYY,R,7,5,0,0,0,0,0,0,0,0
Doug DeCinces,35,CAL,R,140,572,20,3,4,2,4,2,2,2
Jeff Dedmon,26,ATL,L,57,17,0,0,0,1,0,0,0,0
Rob Deer,25,MIL,R,134,546,17,3,3,2,3,3,5,2
Jose DeLeon,25,TOT,R,9,2,0,0,0,0,0,1,0,0
Rick Dempsey,36,BAL,R,122,382,15,1,0,7,0,3,1,0
John Denny,33,CIN,R,27,62,0,0,0,5,0,0,2,3
Bob Dernier,29,CHC,R,108,351,14,1,1,5,0,0,27,2
Jim Deshaies,26,HOU,L,26,53,0,0,0,4,0,0,0,0
Bo Diaz,33,CIN,R,134,519,21,0,0,2,3,0,1,1
Carlos Diaz,28,LAD,R,19,1,0,0,0,0,0,0,0,0
Edgar Diaz,22,MIL,R,5,14,0,0,0,0,0,0,0,0
Mike Diaz,26,PIT,R,97,233,9,0,0,0,3,2,0,1
Frank DiPino,29,TOT,L,61,6,0,0,0,0,0,0,0,0
Benny Distefano,24,PIT,L,31,42,1,0,0,0,2,0,0,0
Tom Dodd,27,BAL,R,8,16,0,0,0,0,0,1,0,0
Pat Dodson,26,BOS,L,9,15,2,0,0,0,0,0,0,0
Bill Doran,28,HOU,S,145,642,29,3,7,4,5,2,42,19
Brian Downing,35,CAL,R,152,631,27,4,2,3,8,17,4,4
Kelly Downs,25,SFG,R,15,30,0,0,0,0,0,0,0,1
Dave Dravecky,30,SDP,R,35,57,0,0,0,6,0,0,1,0
Dan Driessen,34,TOT,L,32,49,3,0,2,0,0,0,0,0
Mariano Duncan,23,LAD,R,109,445,7,0,1,5,1,2,48,13
Shawon Dunston,23,CHC,R,150,611,37,3,5,4,2,3,13,11
Leon Durham,28,CHC,L,141,557,18,7,16,0,5,1,8,7
Jim Dwyer,36,BAL,L,94,189,13,1,1,0,4,2,0,2
Lenny Dykstra,23,NYM,L,147,498,27,7,1,7,2,0,31,7
Bill Earley,30,STL,R,3,0,0,0,0,0,0,0,0,0
Mike Easler,35,NYY,L,146,546,26,2,13,2,5,0,3,2
Dennis Eckersley,31,CHC,R,33,73,3,0,0,2,1,0,0,0
Mark Eichhorn,25,TOR,R,1,0,0,0,0,0,0,0,0,0
Kevin Elster,21,NYM,R,19,33,1,0,1,0,0,0,0,0
Dave Engle,29,DET,R,35,93,7,0,0,0,0,0,0,0
Nick Esasky,26,CIN,R,102,383,17,2,0,1,4,1,0,2
Juan Espino,30,NYY,R,27,40,2,0,0,0,1,0,0,0
Alvaro Espinoza,24,MIN,R,37,45,1,0,0,2,0,0,0,1
Darrell Evans,39,DET,L,151,601,15,0,5,0,2,1,3,2
Dwight Evans,34,BOS,R,152,640,33,2,4,2,6,6,3,3
Stan Fansler,21,PIT,R,5,7,0,0,0,1,0,0,0,0
Mike Felder,24,MIL,S,44,174,2,4,1,1,5,0,16,2
Sid Fernandez,23,NYM,L,32,77,3,0,0,6,0,0,1,0
Tony Fernandez,24,TOR,S,163,727,33,9,0,5,4,4,25,12
Cecil Fielder,22,TOR,R,34,90,2,0,0,0,0,1,0,0
Bruce Fields,25,DET,L,16,47,1,1,0,1,2,0,1,1
Jack Fimple,27,LAD,R,13,20,0,0,1,0,1,0,0,0
Chuck Finley,23,CAL,L,2,0,0,0,0,0,0,0,0,0
Mike Fischlin,30,NYY,R,71,116,2,0,0,5,1,0,0,1
Carlton Fisk,38,CHW,R,125,491,11,0,2,0,6,6,2,4
Mike Fitzgerald,25,MON,R,73,243,13,1,6,4,2,1,3,2
Tim Flannery,28,SDP,L,134,432,11,2,4,3,2,5,3,6
Scott Fletcher,27,TEX,R,147,594,34,5,0,10,3,4,12,11
Tom Foley,26,TOT,L,103,299,15,3,6,2,4,0,10,3
Ray Fontenot,28,TOT,L,43,7,0,0,0,0,0,0,0,0
Curt Ford,25,STL,L,85,240,15,2,2,1,2,0,13,5
Bob Forsch,36,STL,R,34,88,4,1,0,11,1,0,0,0
Terry Forster,34,CAL,L,1,0,0,0,0,0,0,0,0,0
George Foster,37,TOT,R,87,310,6,3,1,0,2,0,1,1
John Franco,25,CIN,L,74,4,0,0,0,0,0,0,0,0
Julio Franco,27,CLE,R,149,636,30,5,1,0,5,0,10,7
Terry Francona,27,CHC,L,86,133,3,0,0,0,2,1,0,1
George Frazier,31,TOT,R,35,4,0,0,0,0,0,0,0,0
Marvin Freeman,23,PHI,R,3,7,0,0,0,1,0,0,0,0
Tom Funk,24,HOU,L,8,1,0,0,0,0,0,0,0,0
Gary Gaetti,27,MIN,R,157,661,34,1,4,1,6,6,14,15
Greg Gagne,24,MIN,R,156,524,22,6,0,13,3,6,12,10
Ty Gainey,25,HOU,L,26,56,3,1,0,0,0,0,3,1
Andres Galarraga,25,MON,R,105,356,13,0,5,1,1,3,6,5
Mike Gallego,25,OAK,R,20,40,2,0,0,2,0,0,0,2
Balvino Galvez,22,LAD,R,10,2,0,0,0,0,0,0,0,0
Jim Gantner,33,MIL,L,139,543,25,1,2,6,7,6,13,7
Gene Garber,38,ATL,R,61,8,0,0,0,1,0,0,0,0
Damaso Garcia,29,TOR,R,122,446,22,0,0,2,3,4,9,6
Phil Garner,37,HOU,R,107,347,14,3,2,0,3,1,12,6
Scott Garrelts,24,SFG,R,54,53,1,0,0,7,0,0,1,0
Steve Garvey,37,SDP,R,155,584,22,0,5,0,3,1,1,2
Rich Gedman,26,BOS,L,135,509,29,0,13,1,5,4,1,0
Ken Gerhart,25,BAL,R,20,75,2,0,0,0,2,0,0,1
John Gibbons,24,NYM,R,8,22,4,0,1,0,0,0,0,0
Kirk Gibson,29,DET,L,119,521,11,2,4,1,4,7,34,6
Brian Giles,26,CHW,R,9,11,0,0,0,0,0,0,0,0
Dan Gladden,28,SFG,R,102,402,16,1,3,7,0,5,27,10
Rene Gonzales,25,MON,R,11,28,0,0,0,0,0,0,0,2
Jose Gonzalez,21,LAD,R,57,102,5,1,0,2,0,0,4,3
Dwight Gooden,21,NYM,R,33,97,0,1,0,13,0,1,0,0
Tom Gorman,28,PHI,L,8,1,0,0,0,0,0,0,0,0
Rich Gossage,34,SDP,R,45,7,0,0,0,0,0,0,0,0
Jim Gott,26,SFG,R,9,4,0,0,0,0,0,1,0,0
Mark Grant,22,SFG,R,4,2,0,0,0,1,0,0,0,0
Gary Green,24,SDP,R,13,35,1,0,0,1,0,0,0,0
Mike Greenwell,22,BOS,L,31,40,2,0,0,0,0,0,0,0
Bobby Grich,37,CAL,R,98,366,18,0,1,10,1,3,1,3
Ken Griffey,36,TOT,L,139,532,22,3,4,1,5,1,14,9
Alfredo Griffin,28,OAK,S,162,649,23,6,6,12,6,2,33,16
Greg Gross,33,PHI,L,87,125,5,0,7,1,1,1,1,0
Kevin Gross,25,PHI,R,37,90,4,1,0,9,0,0,1,0
Wayne Gross,34,OAK,L,3,3,0,0,0,0,0,0,0,0
Johnny Grubb,37,DET,L,81,243,13,1,0,0,3,2,0,1
Kelly Gruber,24,TOR,R,87,152,4,1,0,2,2,0,2,5
Cecilio Guante,26,PIT,R,52,1,0,0,0,0,0,0,0,0
Pedro Guerrero,30,LAD,R,31,64,3,0,0,0,0,1,0,0
Ozzie Guillen,22,CHW,L,159,577,19,4,1,12,5,1,8,4
Brad Gulden,30,SFG,L,17,24,0,0,2,0,0,0,0,0
Bill Gullickson,27,CIN,R,37,91,0,0,0,9,0,0,0,0
Dave Gumpert,28,CHC,R,38,5,0,0,0,0,0,0,0,0
Jackie Gutierrez,26,BAL,R,61,152,3,0,0,2,1,1,3,1
Tony Gwynn,26,SDP,L,160,701,33,7,11,2,2,3,37,9
Jerry Hairston,34,CHW,S,101,253,15,0,3,0,1,1,0,0
Albert Hall,28,ATL,S,16,57,2,0,0,2,0,0,8,3
Drew Hall,23,CHC,L,5,8,0,0,0,0,0,0,0,0
Mel Hall,25,CLE,L,140,480,29,2,8,0,3,2,6,2
Jeff Hamilton,22,LAD,R,71,151,5,0,1,0,2,0,0,0
Brian Harper,26,DET,R,19,41,1,0,0,1,1,0,0,0
Terry Harper,30,ATL,R,106,298,12,0,2,1,2,1,3,6
Toby Harrah,37,TEX,R,95,341,18,2,0,3,3,2,2,5
Ron Hassey,33,TOT,L,113,393,25,1,3,1,2,3,1,1
Billy Hatcher,25,HOU,R,127,453,15,4,1,6,1,5,38,14
Mickey Hatcher,31,MIN,R,115,340,13,3,2,0,4,0,2,1
Andy Hawkins,26,SDP,R,37,74,1,0,0,6,0,0,0,0
Von Hayes,27,PHI,L,158,690,46,2,9,1,4,1,24,12
Ray Hayward,25,SDP,L,4,4,0,0,0,0,0,0,0,0
Ed Hearn,25,NYM,R,49,151,5,0,0,2,1,0,0,1
Jeff Hearron,24,TOR,R,12,26,1,0,0,0,0,0,0,0
Mike Heath,31,TOT,R,95,319,11,1,4,1,2,1,6,4
Danny Heep,28,NYM,L,86,227,8,2,5,0,1,1,1,4
Dave Henderson,27,TOT,R,139,432,22,4,4,2,1,2,2,3
Rickey Henderson,27,NYY,R,153,701,31,5,2,0,2,2,87,18
Steve Henderson,33,OAK,R,11,27,1,0,0,0,1,0,0,0
George Hendrick,36,CAL,R,102,317,13,1,5,4,3,1,1,1
Dave Hengel,24,SEA,R,21,66,1,0,0,1,0,1,0,0
Tom Henke,28,TOR,R,2,0,0,0,0,0,0,0,0,0
Chuck Hensley,27,SFG,L,11,0,0,0,0,0,0,0,0,0
Keith Hernandez,32,NYM,L,149,652,34,1,9,0,3,4,2,1
Leo Hernandez,26,NYY,R,7,23,2,0,0,0,0,0,0,0
Manny Hernandez,25,HOU,R,9,7,0,0,0,1,0,0,0,0
Willie Hernandez,31,DET,L,1,0,0,0,0,0,0,0,0,0
Larry Herndon,32,DET,R,106,316,13,1,2,0,5,1,2,1
Tom Herr,30,STL,S,152,647,30,4,10,6,4,5,22,8
Orel Hershiser,27,LAD,R,37,82,3,0,0,10,0,0,0,1
Joe Hesketh,27,MON,L,15,28,0,0,0,3,0,0,0,0
Donnie Hill,25,OAK,S,108,366,16,2,1,4,0,0,5,2
Marc Hill,34,CHW,R,22,21,0,0,0,0,0,1,0,0
Glenn Hoffman,27,BOS,R,12,26,2,0,0,0,1,0,0,0
Guy Hoffman,29,CHC,L,33,20,0,0,0,3,0,0,0,0
Brian Holton,26,LAD,R,12,5,0,0,0,0,0,0,0,0
Rick Honeycutt,32,LAD,L,32,57,1,0,0,6,0,0,0,0
Bob Horner,28,ATL,R,141,581,22,0,8,0,10,2,1,4
Ricky Horton,26,STL,L,42,25,0,0,0,2,0,0,0,0
Paul Householder,27,MIL,S,26,90,3,1,0,2,2,1,1,2
Jack Howell,24,CAL,L,63,175,14,2,0,3,2,0,2,0
Jay Howell,30,OAK,R,2,0,0,0,0,0,0,0,0,0
Ken Howell,25,LAD,R,62,5,0,0,0,0,0,0,0,0
LaMarr Hoyt,31,SDP,R,35,50,1,0,0,3,0,0,0,0
Kent Hrbek,26,MIN,L,149,634,27,1,9,0,7,6,2,2
Glenn Hubbard,28,ATL,R,143,488,16,1,14,6,4,4,3,2
Rex Hudler,25,BAL,R,14,1,0,0,0,0,0,0,1,0
Charles Hudson,27,PHI,S,36,51,0,0,0,7,0,0,0,0
Tim Hulett,26,CHW,R,150,552,16,5,0,6,4,1,4,1
Tom Hume,33,PHI,R,48,16,0,0,0,5,0,0,0,0
Randy Hunt,26,MON,R,21,54,0,0,2,0,0,0,0,0
Clint Hurdle,28,STL,L,78,184,5,1,0,1,2,1,0,0
Pete Incaviglia,22,TEX,R,153,606,21,2,2,0,7,4,3,2
Dane Iorg,36,SDP,L,90,109,2,1,0,0,1,0,0,0
Garth Iorg,31,TOR,R,137,351,19,1,0,1,2,1,3,0
Bo Jackson,23,KCR,R,25,91,2,1,0,0,0,2,3,1
Michael Jackson,21,PHI,R,9,0,0,0,0,0,0,0,0,0
Reggie Jackson,40,CAL,L,132,517,12,2,11,0,3,3,1,1
Roy Lee Jackson,32,MIN,R,1,0,0,0,0,0,0,0,0,0
Brook Jacoby,26,CLE,R,158,641,30,4,5,1,1,0,2,1
Bob James,27,CHW,R,2,0,0,0,0,0,0,0,0,0
Chris James,23,PHI,R,16,48,3,0,0,1,0,0,0,0
Stan Javier,22,OAK,S,59,131,8,0,0,0,0,1,8,0
Stan Jefferson,23,NYM,S,14,27,1,0,0,0,0,1,0,0
Steve Jeltz,27,PHI,S,145,510,11,4,9,3,2,1,6,3
Cliff Johnson,38,TOR,R,107,394,12,1,1,0,2,4,0,1
Howard Johnson,25,NYM,S,88,253,14,0,8,1,0,1,8,1
Joe Johnson,24,TOT,R,17,30,0,0,0,2,1,0,0,0
Rondin Johnson,27,KCR,S,11,31,0,1,0,0,0,0,0,0
Wallace Johnson,29,MON,S,61,134,3,1,0,0,0,0,6,3
Barry Jones,23,PIT,R,26,6,0,0,0,1,0,0,0,0
Bob Jones,36,TEX,L,13,23,0,0,0,0,0,0,0,0
Chris Jones,28,SFG,L,3,1,0,0,0,0,0,0,1,0
Jimmy Jones,22,SDP,R,3,6,0,0,0,0,0,0,0,0
Lynn Jones,33,KCR,R,67,54,2,0,0,1,0,0,0,0
Ricky Jones,28,BAL,R,16,39,2,0,0,0,0,0,0,0
Ross Jones,26,SEA,R,11,21,0,0,0,0,0,0,0,1
Ruppert Jones,31,CAL,L,126,471,21,3,5,7,3,3,10,3
Tracy Jones,25,CIN,R,46,96,3,0,1,0,1,0,7,1
Wally Joyner,24,CAL,L,154,674,27,3,8,10,12,2,5,2
Ron Karkovice,22,CHW,R,37,109,7,0,0,1,1,1,1,0
Bob Kearney,29,SEA,R,81,226,10,0,1,9,1,0,0,2
Steve Kemp,31,PIT,L,13,20,0,0,0,0,0,0,1,0
Terry Kennedy,30,SDP,L,141,476,22,1,7,4,1,2,0,3
Matt Keough,30,TOT,R,29,16,1,0,0,0,0,0,1,0
Kurt Kepshire,26,STL,L,2,2,0,0,0,1,0,0,0,0
Charlie Kerfeld,22,HOU,R,61,10,0,0,0,0,0,0,0,0
Sam Khalifa,22,PIT,R,64,173,6,0,6,3,0,0,0,2
Steve Kiefer,25,MIL,R,2,6,0,0,0,0,0,0,0,0
Mike Kingery,25,KCR,L,62,223,8,5,2,0,2,0,7,3
Dave Kingman,37,OAK,R,144,604,19,0,3,0,7,3,3,3
Bob Kipper,21,PIT,R,21,37,0,0,0,3,0,0,0,0
Ron Kittle,28,TOT,R,116,422,13,0,1,0,8,3,4,1
Bob Knepper,32,HOU,L,42,95,2,1,0,4,0,0,0,0
Alan Knicely,31,STL,R,34,100,3,0,0,0,1,0,1,1
Ray Knight,33,NYM,R,137,541,24,2,2,3,8,4,2,1
Mark Knudson,25,TOT,R,9,14,0,0,0,3,0,0,0,0
Brad Komminsk,25,ATL,R,5,5,0,0,0,0,0,0,0,1
Ray Krawczyk,26,PIT,R,12,0,0,0,0,0,0,0,0,0
Wayne Krenchicki,31,MON,L,101,247,6,2,3,2,2,0,2,4
John Kruk,25,SDP,L,122,327,16,2,0,2,2,0,2,4
Mike Krukow,34,SFG,R,35,98,1,0,0,12,0,0,1,0
Jeff Kunkel,24,TEX,R,8,13,0,0,0,0,0,0,0,0
Randy Kutcher,26,SFG,R,71,203,9,1,0,6,0,0,6,5
Mike LaCoss,30,SFG,R,37,69,2,0,0,5,0,0,0,0
Lee Lacy,38,BAL,R,130,537,18,0,2,4,5,0,4,6
Pete Ladd,29,SEA,R,1,0,0,0,0,0,0,0,0,0
Mike Laga,26,TOT,L,33,102,5,0,2,0,0,1,0,0
Jeff Lahti,29,STL,R,4,0,0,0,0,0,0,0,0,0
Steve Lake,29,TOT,R,36,72,2,0,1,1,0,0,0,0
Rick Lancellotti,29,SFG,L,15,18,0,0,0,0,0,0,0,0
Ken Landreaux,31,LAD,L,103,310,13,2,3,0,4,1,10,5
Bill Landrum,28,CIN,R,10,2,0,0,0,0,0,0,0,0
Tito Landrum,31,STL,R,96,230,7,1,2,1,3,1,3,1
Rick Langford,34,OAK,R,1,0,0,0,0,0,0,0,0,0
Carney Lansford,29,OAK,R,151,640,16,4,2,1,4,5,16,7
Dave LaPoint,26,TOT,L,24,12,0,0,0,4,0,0,0,0
Barry Larkin,22,CIN,R,41,169,4,3,1,0,1,0,8,0
Bill Laskey,28,SFG,R,20,1,0,0,0,0,0,0,0,0
Tim Laudner,28,MIN,R,76,223,10,0,0,1,2,3,1,0
Mike LaValliere,25,STL,L,110,350,10,2,5,10,0,1,0,1
Rudy Law,29,KCR,L,87,341,26,5,0,2,1,2,14,6
Vance Law,29,MON,R,112,402,17,2,1,2,2,1,3,5
Tom Lawless,29,STL,R,46,45,1,0,0,2,1,0,8,1
Rick Leach,29,TOR,L,110,266,14,1,3,0,7,0,0,0
Terry Leach,32,NYM,R,6,0,0,0,0,0,0,0,0,0
Manuel Lee,21,TOR,S,35,85,0,1,0,2,1,0,0,1
Joe Lefebvre,30,PHI,L,14,21,0,0,0,0,0,0,0,0
Craig Lefferts,28,SDP,L,84,9,0,0,0,1,0,0,0,0
Greg Legg,26,PHI,R,11,20,1,0,0,0,0,0,0,0
Chet Lemon,31,DET,R,126,457,21,3,3,3,4,8,2,1
Jeffrey Leonard,30,SFG,R,89,368,11,3,1,1,3,3,16,3
Randy Lerch,31,PHI,L,4,3,1,0,0,0,0,0,0,0
Jim Lindeman,24,STL,R,19,58,1,0,0,0,1,0,1,1
Bryan Little,26,TOT,S,34,82,2,0,0,0,0,0,0,0
Tim Lollar,30,BOS,L,1,1,0,0,0,0,0,0,0,0
Phil Lombardi,23,NYY,R,20,41,3,0,0,0,0,1,0,0
Steve Lombardozzi,26,MIN,R,156,515,20,5,2,9,0,1,3,1
Davey Lopes,41,TOT,R,96,304,10,3,0,2,2,2,25,8
Aurelio Lopez,37,HOU,R,45,10,0,0,0,1,0,0,0,0
Dwight Lowry,28,DET,L,56,174,4,0,0,3,0,4,0,0
Ed Lynch,30,TOT,R,24,33,0,0,0,1,0,0,0,0
Fred Lynn,34,BAL,L,112,456,13,1,1,0,4,2,2,2
Barry Lyons,26,NYM,R,6,10,0,0,1,0,0,0,0,0
Steve Lyons,26,TOT,L,101,275,9,3,2,4,4,1,4,6
Mike Madden,29,HOU,L,13,14,0,0,0,4,0,0,0,0
Garry Maddox,36,PHI,R,6,9,0,0,0,0,0,0,0,1
Greg Maddux,20,CHC,R,6,13,0,0,0,1,0,0,0,0
Mike Maddux,24,PHI,L,16,27,0,0,0,4,0,0,0,0
Scotti Madison,26,DET,S,2,8,0,0,0,0,1,0,0,0
Bill Madlock,35,LAD,R,111,421,17,0,4,1,6,5,3,3
Dave Magadan,23,NYM,L,10,21,0,0,0,0,0,0,0,0
Rick Mahler,32,ATL,R,40,96,3,0,0,9,0,0,0,0
Candy Maldonado,25,SFG,R,133,432,31,3,4,0,4,3,4,4
Rick Manning,31,MIL,L,89,227,7,3,2,1,3,1,5,3
Fred Manrique,24,STL,R,13,18,0,0,0,0,0,0,1,0
Mike Marshall,26,LAD,R,103,362,11,0,3,0,1,4,4,4
Mike Martin,27,CHC,L,8,15,1,0,1,0,0,0,0,0
Buck Martinez,37,TOR,R,81,185,8,0,0,4,1,0,0,0
Carmelo Martinez,25,SDP,R,113,283,10,0,2,1,2,1,1,1
Dave Martinez,21,CHC,L,53,116,1,1,0,0,1,1,4,2
Dennis Martinez,32,TOT,R,19,31,2,0,0,0,0,0,0,0
Roger Mason,28,SFG,R,11,22,0,0,0,1,0,0,0,0
Greg Mathews,24,STL,R,23,52,0,0,0,7,0,2,0,0
Gary Matthews,35,CHC,R,123,432,16,1,1,0,2,0,3,2
Don Mattingly,25,NYY,L,162,742,53,2,11,1,10,1,0,0
Len Matuszek,31,LAD,L,91,222,7,0,1,0,1,1,2,2
Lee Mazzilli,31,TOT,S,100,192,5,1,2,0,1,2,4,4
Bob McClure,34,TOT,R,52,4,0,0,0,0,0,0,0,0
Lance McCullers,22,SDP,S,76,28,2,0,0,3,0,0,1,0
Oddibe McDowell,23,TEX,L,154,643,24,7,5,3,2,1,33,15
Roger McDowell,25,NYM,R,75,20,0,0,0,1,0,0,0,0
Andy McGaffigan,29,MON,R,50,38,0,0,0,4,0,0,0,0
Willie McGee,27,STL,S,124,539,22,7,7,0,4,1,19,16
Fred McGriff,22,TOR,L,3,5,0,0,0,0,0,0,0,0
Mark McGwire,22,OAK,R,18,58,1,0,0,0,0,1,0,1
Mark McLemore,21,CAL,S,5,6,0,0,0,1,0,0,0,1
Craig McMurtry,26,ATL,R,40,18,0,0,0,1,0,0,1,0
Hal McRae,40,KCR,R,112,299,14,0,4,0,2,1,0,0
Kevin McReynolds,26,SDP,R,158,641,31,6,6,5,9,1,8,6
Larry McWilliams,32,PIT,L,50,34,1,0,0,3,0,0,0,0
Bob Meacham,25,NYY,S,56,185,7,1,0,4,0,3,3,6
Louie Meadows,25,HOU,L,6,6,0,0,0,0,0,0,1,0
Francisco Melendez,22,PHI,L,9,8,0,0,0,0,0,0,0,0
Bob Melvin,24,SFG,R,89,289,14,2,1,3,3,0,3,2
Orlando Mercado,24,TEX,R,46,112,1,1,0,1,2,1,0,1
Darrell Miller,28,CAL,R,33,62,2,1,0,0,1,0,0,0
Eddie Milner,31,CIN,L,145,462,22,6,2,1,1,0,18,11
Greg Minton,34,SFG,S,48,7,1,0,0,0,0,0,0,0
John Mitchell,20,NYM,R,4,2,0,0,0,0,0,0,0,0
Kevin Mitchell,24,NYM,R,108,364,22,2,0,1,1,1,3,3
John Mizerock,25,HOU,L,44,107,1,1,2,0,1,1,0,0
Paul Molitor,29,MIL,R,105,482,24,6,0,2,3,0,20,5
Rafael Montalvo,22,HOU,R,1,0,0,0,0,0,0,0,0,0
Bill Moore,25,MON,R,6,12,0,0,0,0,0,0,0,0
Charlie Moore,33,MIL,R,80,264,12,3,1,4,3,0,5,5
Donnie Moore,32,CAL,L,1,0,0,0,0,0,0,0,0,0
Keith Moreland,32,CHC,R,156,652,30,0,10,2,11,0,3,6
Omar Moreno,33,ATL,L,118,386,18,6,2,6,0,0,17,16
Russ Morman,24,CHW,R,49,180,5,0,0,1,2,2,1,0
John Morris,25,STL,L,39,108,0,1,2,0,1,0,6,2
Jim Morrison,33,PIT,R,154,593,35,4,5,0,5,4,9,8
Lloyd Moseby,26,TOR,L,152,668,24,5,3,2,7,6,32,11
John Moses,28,SEA,S,103,442,16,3,3,5,4,0,25,18
Darryl Motley,26,TOT,R,77,240,10,1,2,1,0,0,0,2
Jamie Moyer,23,CHC,L,16,30,0,0,0,4,0,0,0,0
Terry Mulholland,23,SFG,R,15,20,0,0,0,1,0,0,0,0
Rance Mulliniks,30,TOR,L,117,395,22,0,1,1,2,1,1,1
Fran Mullins,29,CLE,R,28,44,4,0,0,1,1,0,0,0
Jerry Mumphrey,33,CHC,S,111,339,11,2,4,1,3,0,2,3
Dale Murphy,30,ATL,R,160,692,29,7,5,0,1,2,7,7
Dwayne Murphy,31,OAK,L,98,400,11,3,4,7,4,4,3,1
Rob Murphy,26,CIN,L,34,3,0,0,0,0,0,0,0,0
Eddie Murray,30,BAL,S,137,578,25,1,7,0,5,0,3,0
Randy Myers,23,NYM,L,10,0,0,0,0,0,0,0,0,0
Jerry Narron,30,CAL,L,57,107,3,1,0,1,1,1,0,0
Ricky Nelson,27,SEA,L,10,12,0,0,0,0,0,0,1,0
Rob Nelson,22,OAK,L,5,10,1,0,0,0,0,0,0,0
Graig Nettles,41,SDP,L,126,400,9,0,8,0,3,2,0,1
Al Newman,26,MON,S,95,212,3,0,2,4,2,0,11,11
Carl Nichols,23,BAL,R,5,6,0,0,1,0,0,0,0,0
Reid Nichols,27,CHW,R,74,150,4,0,0,1,2,0,5,4
Tom Niedenfuer,26,LAD,R,60,5,0,0,0,1,0,0,0,0
Randy Niemann,30,NYM,L,31,7,0,0,0,0,0,0,0,0
Tom Nieto,25,MON,R,30,72,3,1,1,0,0,1,0,1
Otis Nixon,27,CLE,S,105,110,4,1,0,2,0,0,23,6
Matt Nokes,22,DET,L,7,25,1,0,1,0,0,0,0,0
Pete O'Brien,28,TEX,L,156,641,23,3,11,0,3,0,4,4
Tom O'Malley,25,BAL,L,56,200,9,0,1,1,1,0,0,1
Paul O'Neill,23,CIN,L,3,3,0,0,0,0,0,0,0,0
Ken Oberkfell,30,ATL,L,151,596,24,3,6,4,4,2,7,4
Ron Oester,30,CIN,S,153,586,23,2,16,7,3,1,9,2
Ben Oglivie,37,MIL,L,103,384,20,1,6,1,7,0,1,2
Bob Ojeda,28,NYM,L,32,80,0,0,0,8,0,0,0,0
Ed Olwine,28,ATL,R,37,4,0,0,0,0,0,0,0,0
Steve Ontiveros,25,OAK,R,1,0,0,0,0,0,0,0,0,0
Jose Oquendo,22,STL,S,76,158,4,1,4,2,3,0,2,3
Jesse Orosco,29,NYM,R,58,6,0,0,0,0,1,0,0,0
Joe Orsulak,24,PIT,L,138,437,19,6,2,6,1,1,24,11
Jorge Orta,35,KCR,L,106,361,14,2,3,0,2,0,0,3
Junior Ortiz,26,PIT,R,49,122,6,0,0,1,2,0,0,1
Phil Ouellette,24,SFG,S,10,26,0,0,0,0,0,0,0,0
Bob Owchinko,31,MON,L,3,6,0,0,0,0,0,0,0,0
Spike Owen,25,TOT,S,154,593,24,7,1,9,3,2,4,4
Rick Ownbey,28,STL,R,17,10,0,0,0,3,0,0,0,0
Tom Paciorek,39,TEX,R,88,220,7,0,0,0,1,3,1,3
Mike Pagliarulo,26,NYY,L,149,565,24,3,10,1,2,4,4,1
Rafael Palmeiro,21,CHC,L,22,78,4,0,0,0,0,1,1,1
David Palmer,28,ATL,R,35,77,3,0,0,10,0,0,0,0
Jim Pankovits,30,HOU,R,70,124,6,1,1,0,0,0,1,1
Al Pardo,23,BAL,S,16,51,1,0,0,0,0,0,0,0
Mark Parent,24,SDP,R,8,15,0,0,0,0,0,0,0,0
Kelly Paris,28,BAL,R,5,10,0,0,0,0,0,0,0,1
Dave Parker,35,CIN,L,162,700,31,3,16,0,6,1,1,6
Jeff Parrett,24,MON,R,12,2,0,0,0,0,0,0,0,0
Lance Parrish,30,DET,R,91,374,6,1,3,1,3,5,0,0
Larry Parrish,32,TEX,R,129,524,22,1,7,0,6,2,3,1
Dan Pasqua,24,NYY,L,102,332,17,0,3,1,1,3,2,0
Bob Patterson,27,PIT,R,11,10,0,0,0,2,0,0,0,0
Bill Pecota,26,KCR,R,12,34,2,0,0,0,1,1,0,2
Alejandro Pena,27,LAD,R,24,20,0,0,0,3,0,0,0,0
Bert Pena,26,HOU,R,15,34,1,0,2,0,0,0,1,0
Hipolito Pena,22,PIT,L,10,0,0,0,0,0,0,0,0,0
Tony Pena,29,PIT,R,144,565,26,2,6,0,1,1,9,10
Terry Pendleton,25,STL,S,159,626,26,5,10,6,7,1,24,6
Jack Perconte,31,CHW,L,24,85,1,0,1,1,0,0,2,0
Tony Perez,44,CIN,R,77,228,12,1,2,0,3,0,0,0
Gerald Perry,25,ATL,L,29,80,2,0,1,1,1,0,0,1
Pat Perry,27,STL,L,46,8,0,0,0,0,0,0,0,0
Rick Peters,30,OAK,S,44,45,1,0,1,0,0,0,2,2
Geno Petralli,26,TEX,L,69,142,9,3,0,0,0,0,3,0
Gary Pettis,28,CAL,S,154,628,23,4,2,15,5,0,50,13
Ken Phelps,31,SEA,L,125,441,16,4,6,0,3,6,2,3
Tony Phillips,27,OAK,S,118,532,14,5,0,9,3,3,15,10
Chris Pittaro,24,MIN,S,11,21,0,0,0,0,0,0,0,0
Gus Polidor,24,CAL,R,6,20,1,0,0,0,0,0,0,0
Darrell Porter,34,TEX,L,68,178,6,0,0,0,0,1,1,1
Dennis Powell,22,LAD,R,27,14,3,0,0,0,0,0,0,0
Ted Power,31,CIN,R,56,30,1,0,0,3,0,0,1,0
Jim Presley,24,SEA,R,155,660,33,4,3,3,5,4,0,4
Joe Price,29,CIN,R,25,8,0,0,0,0,0,0,0,0
Greg Pryor,36,KCR,R,63,117,4,0,0,2,0,0,1,1
Kirby Puckett,26,MIN,R,161,723,37,6,4,2,0,7,20,12
Terry Puhl,29,HOU,L,81,193,10,0,1,4,2,0,3,2
Charlie Puleo,31,ATL,R,5,7,0,0,0,1,0,0,0,0
Tim Pyznarski,26,SDP,R,15,47,1,0,0,0,0,1,2,0
Luis Quinones,24,SFG,S,71,115,1,3,1,4,1,1,3,1
Rey Quinones,22,TOT,R,98,346,16,1,0,5,2,3,4,3
Jamie Quirk,31,KCR,L,80,238,10,0,3,0,1,1,0,1
Tim Raines,26,MON,S,151,664,35,10,9,1,3,2,70,9
Rafael Ramirez,28,ATL,R,134,530,21,1,1,7,3,3,19,8
Domingo Ramos,28,SEA,R,49,110,2,0,0,2,0,1,0,1
Willie Randolph,31,NYY,R,141,601,15,2,0,8,4,3,15,2
Shane Rawley,30,PHI,R,23,64,2,0,0,10,1,0,0,0
Johnny Ray,29,PIT,S,155,654,33,0,10,1,7,3,6,9
Floyd Rayford,28,BAL,R,81,228,4,0,0,3,0,0,0,0
Randy Ready,26,TOT,R,24,92,4,0,0,1,0,0,2,0
Jeff Reardon,30,MON,R,62,9,0,0,0,1,0,0,0,0
Gary Redus,29,PHI,R,90,392,22,4,4,1,1,3,25,7
Jeff Reed,23,MIN,L,68,185,6,1,0,3,0,1,1,0
Jerry Reed,30,SEA,R,1,0,0,0,0,0,0,0,0,0
Rick Renteria,24,PIT,R,10,12,1,0,0,0,0,0,0,0
Rick Reuschel,37,PIT,R,43,81,2,0,0,8,0,0,0,0
Jerry Reuss,37,LAD,L,19,21,1,0,0,0,0,0,0,0
Craig Reynolds,33,HOU,L,114,329,7,3,5,1,3,0,3,1
Harold Reynolds,25,SEA,S,126,486,19,4,0,9,0,3,30,12
R.J. Reynolds,27,PIT,S,118,449,30,2,4,3,2,1,16,9
Ronn Reynolds,27,PHI,R,43,132,4,0,0,0,1,0,0,0
Rick Rhoden,33,PIT,R,41,101,9,0,0,7,1,0,0,1
Jim Rice,33,BOS,R,157,693,39,2,5,0,9,4,0,1
Ernie Riles,25,MIL,L,145,588,24,2,0,6,3,1,7,7
George Riley,29,MON,L,10,0,0,0,0,0,0,0,0,0
Cal Ripken Jr.,25,BAL,R,162,707,35,1,5,0,6,4,4,2
Luis Rivera,22,MON,R,55,187,11,1,0,1,1,2,1,1
Bert Roberge,31,MON,R,21,2,0,0,0,0,0,0,0,0
Bip Roberts,22,SDP,S,101,258,5,2,1,2,1,0,14,12
Billy Jo Robidoux,22,MIL,L,56,215,8,0,1,0,1,0,0,0
Don Robinson,29,PIT,R,50,6,1,0,0,0,0,0,0,0
Jeff Robinson,25,SFG,R,65,17,0,0,0,1,1,0,0,0
Ron Robinson,24,CIN,R,70,14,0,0,0,0,0,0,0,0
Ruben Rodriguez,21,PIT,R,2,3,0,0,0,0,0,0,0,0
Gary Roenicke,31,NYY,R,69,165,5,0,0,0,1,1,1,1
Ron Roenicke,29,PHI,S,102,343,13,1,4,4,3,0,2,2
Dan Rohn,30,CLE,L,6,11,0,0,0,0,0,0,0,0
Ed Romero,28,BOS,R,100,263,11,0,0,7,3,2,2,0
Kevin Romine,25,BOS,R,35,39,2,0,0,1,0,0,2,0
Pete Rose,45,CIN,S,72,272,8,2,0,0,1,4,3,0
Wade Rowdon,25,CIN,R,38,92,5,1,0,1,1,1,2,0
Jerry Royster,33,SDP,R,118,298,12,0,3,6,3,0,3,5
Dave Rucker,28,PHI,L,19,1,0,0,0,0,0,0,0,0
Bruce Ruffin,22,PHI,S,21,56,1,0,0,1,0,0,0,0
Paul Runge,28,ATL,R,7,10,0,0,0,0,0,0,0,0
Tom Runnells,31,CIN,S,12,11,1,0,0,0,0,0,0,0
Bill Russell,37,LAD,R,105,242,11,0,2,7,2,2,7,0
John Russell,25,PHI,R,93,348,21,2,2,1,4,3,0,1
Dick Ruthven,35,CHC,R,6,1,0,0,0,0,0,0,0,0
Mark Ryal,25,CAL,L,13,34,0,0,1,0,0,0,1,0
Nolan Ryan,39,HOU,R,30,63,0,0,0,3,0,0,0,1
Lenn Sakata,32,OAK,R,17,38,2,0,0,0,1,0,0,1
Mark Salas,25,MIN,L,91,285,7,4,2,5,3,1,3,1
Angel Salazar,24,KCR,R,117,313,20,2,0,5,1,2,1,1
Luis Salazar,30,CHW,R,4,8,0,0,0,0,0,0,0,0
Billy Sample,31,ATL,R,92,221,11,0,1,2,2,3,4,2
Juan Samuel,25,PHI,R,145,633,36,12,3,1,7,8,42,14
Alejandro Sanchez,27,MIN,R,8,17,0,0,0,0,0,0,0,0
Ryne Sandberg,26,CHC,R,154,682,28,5,6,3,6,0,34,11
Scott Sanderson,29,CHC,R,38,58,1,0,0,6,0,1,0,0
Rafael Santana,28,NYM,R,139,436,11,0,12,1,3,2,0,0
Benito Santiago,21,SDP,R,17,65,2,0,0,0,1,0,0,1
Rich Sauveur,22,PIT,L,3,4,0,0,0,1,0,0,0,0
Dave Sax,27,BOS,R,4,11,1,0,0,0,0,0,0,0
Steve Sax,26,LAD,R,157,704,43,4,5,6,3,3,40,17
Dan Schatzeder,31,TOT,L,58,31,2,1,0,0,0,0,0,0
Mike Schmidt,36,PHI,R,160,657,29,1,25,0,9,7,1,2
Dick Schofield,23,CAL,R,139,529,17,6,2,9,9,5,23,5
Bill Schroeder,27,MIL,R,64,237,14,0,0,4,1,6,1,0
Rick Schu,24,PHI,R,92,233,10,1,1,3,2,2,2,2
Mike Scioscia,27,LAD,L,122,449,18,1,4,6,4,3,3,3
Mike Scott,31,HOU,R,38,107,2,0,0,10,0,0,0,0
Bob Sebra,24,MON,R,18,30,1,0,0,0,0,0,0,0
Larry See,26,LAD,R,13,22,2,0,0,0,0,0,0,0
Kevin Seitzer,24,KCR,R,28,116,4,1,0,0,0,1,0,0
Larry Sheets,26,BAL,L,112,364,17,1,3,1,2,2,2,0
John Shelby,28,BAL,S,135,428,14,4,0,2,2,2,18,6
Ron Shepherd,25,TOR,R,65,73,4,0,0,1,0,0,0,0
Pat Sheridan,28,DET,L,98,262,9,1,4,2,2,1,9,2
Steve Shields,27,TOT,R,6,1,0,0,0,0,0,0,0,0
Craig Shipley,23,LAD,R,12,31,1,0,1,1,0,1,0,0
Eric Show,30,SDP,R,24,47,2,0,0,3,0,0,0,0
Ruben Sierra,20,TEX,S,113,411,13,10,3,1,5,1,7,8
Ted Simmons,36,ATL,S,76,144,5,0,5,0,4,1,1,0
Doug Sisk,28,NYM,R,41,4,0,0,0,0,0,0,0,0
Joel Skinner,25,TOT,R,114,336,9,1,0,2,2,1,1,4
Jim Slaton,36,TOT,R,1,0,0,0,0,0,0,0,0,0
Don Slaught,27,TEX,R,95,341,17,1,0,3,3,5,3,2
Roy Smalley,33,MIN,S,143,530,20,4,4,1,2,0,1,3
John Smiley,21,PIT,L,12,0,0,0,0,0,0,0,0,0
Bryn Smith,30,MON,R,30,67,1,0,0,5,0,0,0,0
Dave Smith,31,HOU,R,54,2,0,0,0,0,0,0,0,0
Lee Smith,28,CHC,R,66,5,0,0,0,0,0,0,0,0
Lonnie Smith,30,KCR,R,134,568,25,7,0,2,2,10,26,9
Mike Smith,25,CIN,R,2,0,0,0,0,0,0,0,0,0
Ozzie Smith,31,STL,S,153,609,19,4,13,11,3,2,31,7
Zane Smith,25,ATL,L,43,71,0,0,0,9,0,0,0,0
Cory Snyder,23,CLE,R,103,433,21,1,0,1,0,0,2,3
Ray Soff,27,STL,R,30,3,0,0,0,1,0,0,0,0
Julio Solano,26,HOU,R,16,7,0,0,0,1,0,0,0,0
Mario Soto,29,CIN,R,20,33,1,0,0,6,0,0,0,0
Cliff Speck,29,ATL,R,13,5,0,0,0,1,0,0,0,0
Chris Speier,36,CHC,R,95,176,8,0,3,4,1,1,2,2
Harry Spilman,31,TOT,L,82,159,9,0,3,1,0,0,0,0
Randy St. Claire,25,MON,R,11,2,0,0,0,1,0,0,0,0
Mike Stanley,23,TEX,R,15,33,3,0,0,0,0,0,1,0
Dave Stapleton,32,BOS,R,39,42,1,0,0,1,0,0,0,0
John Stefero,26,BAL,L,52,137,2,0,0,0,1,0,0,1
Terry Steinbach,24,OAK,R,6,16,0,0,0,0,0,0,0,0
Mike Stenhouse,28,BOS,L,21,34,1,0,0,1,0,0,0,0
Dave Stewart,29,TOT,R,8,0,0,0,0,0,0,0,0,0
Dave Stieb,28,TOR,R,1,0,0,0,0,0,0,0,0,0
Kurt Stillwell,21,CIN,S,104,315,6,1,1,4,0,2,6,2
Bob Stoddard,29,SDP,R,18,1,0,0,0,0,0,0,0,0
Tim Stoddard,33,TOT,R,30,4,0,0,0,0,0,0,0,0
Jeff Stone,25,PHI,L,82,275,6,4,0,2,0,4,19,6
Darryl Strawberry,24,NYM,L,136,562,27,5,9,0,9,6,28,12
Franklin Stubbs,25,LAD,L,132,465,11,1,11,4,2,2,7,1
Marc Sullivan,27,BOS,R,41,134,4,0,0,3,1,4,0,0
Jim Sundberg,35,KCR,R,140,491,9,1,1,2,3,0,1,1
Rick Sutcliffe,30,CHC,L,29,60,2,0,0,4,0,1,0,0
Bruce Sutter,33,ATL,R,16,1,0,0,0,0,0,0,0,0
Dale Sveum,22,MIL,S,91,356,13,2,0,5,1,1,4,3
Pat Tabler,28,CLE,R,130,508,29,2,3,2,1,3,3,1
Danny Tartabull,23,SEA,R,137,578,25,6,2,2,3,1,4,8
La Schelle Tarver,27,BOS,L,13,26,0,0,0,0,0,0,0,1
Dwight Taylor,26,KCR,L,4,2,0,0,0,0,0,0,0,0
Wilfredo Tejada,23,MON,R,10,27,1,0,1,0,0,0,0,0
Kent Tekulve,39,PHI,R,73,6,0,0,0,0,0,0,0,0
Garry Templeton,30,SDP,S,147,549,21,2,21,1,2,1,10,5
Scott Terry,26,CIN,R,30,6,0,0,0,1,0,0,0,0
Mickey Tettleton,25,OAK,S,90,262,9,0,0,7,4,1,7,1
Tim Teufel,27,NYM,R,93,318,20,1,1,3,3,1,1,2
Andres Thomas,22,ATL,R,102,335,17,2,2,2,2,0,4,6
Gorman Thomas,35,TOT,R,101,377,8,1,4,3,0,1,3,4
Jason Thompson,31,MON,L,30,69,4,0,2,0,0,0,0,1
Milt Thompson,27,PHI,L,96,332,7,1,1,4,2,1,19,4
Robby Thompson,24,SFG,R,149,615,27,3,0,18,1,5,12,15
Dickie Thon,28,HOU,R,106,309,13,1,5,1,1,0,6,5
Andre Thornton,36,CLE,R,120,475,14,0,0,0,8,1,4,1
Mark Thurmond,29,TOT,L,18,26,1,0,0,2,0,0,0,0
Jay Tibbs,24,MON,R,36,62,1,0,0,4,0,0,0,0
Rusty Tillman,25,OAK,R,22,42,1,0,0,0,0,0,2,0
Freddie Toliver,25,PHI,R,5,8,0,0,0,0,0,1,1,0
Wayne Tolleson,30,TOT,S,141,546,16,5,0,13,4,2,17,10
Tim Tolman,30,DET,R,16,43,1,0,0,2,1,0,1,1
Dave Tomlin,37,MON,L,7,0,0,0,0,0,0,0,0,0
Jim Traber,24,BAL,L,65,240,7,0,2,0,5,5,0,0
Alan Trammell,28,DET,R,151,653,33,7,4,11,4,5,25,12
Alex Trevino,28,LAD,R,89,233,13,0,2,2,1,1,0,0
Manny Trillo,35,CHC,R,81,172,10,0,0,2,2,0,0,2
Steve Trout,28,CHC,L,37,48,1,0,0,4,0,0,0,0
John Tudor,32,STL,L,30,87,1,0,0,13,1,0,0,0
Willie Upshaw,29,TOR,L,155,661,28,6,4,4,4,2,23,5
Jose Uribe,27,SFG,S,157,517,15,1,19,3,0,0,22,11
Sergio Valdez,21,MON,R,5,8,0,0,0,0,0,0,0,0
Fernando Valenzuela,25,LAD,L,39,116,4,0,0,6,1,0,0,0
Dave Valle,25,SEA,R,22,60,3,0,0,0,0,0,0,0
Dave Van Gorder,29,CIN,R,9,11,0,0,0,0,0,0,0,0
Andy Van Slyke,25,STL,L,137,470,23,7,5,1,3,1,21,8
Ed Vande Berg,27,LAD,R,60,1,0,0,0,0,0,0,0,0
Max Venable,29,CIN,L,108,168,7,1,2,2,2,0,7,2
Ozzie Virgil,29,ATL,R,114,431,9,0,5,2,3,4,1,0
Ed Vosberg,24,SDP,L,5,2,0,0,0,0,0,0,0,0
Bob Walk,29,PIT,R,44,42,3,0,0,1,1,0,0,2
Chico Walker,28,CHC,S,28,112,3,2,0,0,1,0,15,4
Greg Walker,26,CHW,L,78,316,10,6,4,0,3,2,1,2
Tony Walker,26,HOU,R,84,101,7,0,2,0,0,0,11,3
Tim Wallach,28,MON,R,134,539,22,1,8,0,5,10,8,4
Denny Walling,32,HOU,L,130,422,23,1,5,0,4,0,1,1
Gene Walter,25,SDP,L,57,13,1,0,0,2,0,0,0,0
Duane Ward,22,TOT,R,10,1,0,0,0,0,0,0,0,0
Gary Ward,32,TEX,R,105,418,15,2,3,1,2,4,12,8
Claudell Washington,31,TOT,L,94,297,16,0,0,1,1,2,10,8
Ron Washington,34,MIN,R,48,81,3,0,0,2,2,0,1,2
U L Washington,32,PIT,S,72,155,0,4,2,4,1,0,6,0
Mark Wasinger,24,SDP,R,3,9,0,0,0,1,0,0,0,0
Mitch Webster,27,MON,S,151,645,31,13,4,3,5,4,36,15
Bill Wegman,23,MIL,R,2,0,0,0,0,0,0,0,0,0
Bob Welch,29,LAD,R,35,86,0,0,0,5,0,1,0,0
Brad Wellman,26,SFG,R,12,14,0,0,0,0,0,0,0,0
Chris Welsh,31,CIN,L,24,48,2,0,0,4,0,0,1,0
Lou Whitaker,29,DET,L,144,651,26,6,5,0,4,0,13,8
Devon White,23,CAL,S,29,57,1,1,0,0,0,0,6,0
Frank White,35,KCR,R,151,620,37,3,5,2,7,2,4,4
Jerry White,33,STL,S,25,29,0,0,0,1,2,0,0,0
Terry Whitfield,33,LAD,L,19,19,0,0,2,0,0,0,0,0
Ed Whitson,31,TOT,R,17,20,0,0,0,2,0,0,0,0
Ernie Whitt,34,TOR,L,131,433,19,2,3,0,3,0,0,1
Alan Wiggins,28,BAL,S,71,270,3,1,0,5,4,0,21,7
Rob Wilfong,32,CAL,L,92,316,11,3,2,8,2,2,1,4
Curt Wilkerson,25,TEX,S,110,249,10,3,0,0,1,1,9,7
Jerry Willard,26,OAK,L,75,193,7,0,0,4,4,2,0,1
Eddie Williams,21,CLE,R,5,7,0,0,0,0,0,0,0,0
Frank Williams,28,SFG,R,36,3,0,0,0,1,0,0,0,0
Ken Williams,22,CHW,R,15,33,0,0,0,0,0,1,1,1
Reggie Williams,25,LAD,R,128,338,14,2,9,9,1,2,9,3
Carl Willis,25,CIN,L,29,4,0,0,0,1,0,0,0,0
Glenn Wilson,27,PHI,R,155,639,30,4,1,0,9,4,5,1
Mookie Wilson,30,NYM,S,123,416,17,5,5,0,1,1,25,7
Willie Wilson,30,KCR,S,156,675,20,7,1,3,1,9,34,8
Robbie Wine,23,HOU,R,9,13,1,0,0,0,0,0,0,0
Dave Winfield,34,NYY,R,154,652,31,5,9,2,6,2,6,5
Jim Winn,26,PIT,R,50,18,1,0,0,1,0,0,0,0
Herm Winningham,24,MON,L,90,204,6,3,3,1,0,0,12,7
Mike Witt,25,CAL,R,1,0,0,0,0,0,0,0,0,0
Jim Wohlford,35,MON,R,70,106,4,2,3,2,1,0,0,2
Ed Wojna,25,SDP,R,7,16,0,0,0,2,0,0,0,0
Mike Woodard,26,SFG,L,48,90,2,1,0,1,0,0,7,2
Al Woods,32,MIN,L,23,32,1,0,0,0,1,0,0,0
Todd Worrell,26,STL,R,74,7,0,1,0,0,0,0,0,0
George Wright,27,TOT,S,105,245,8,3,1,1,4,2,4,6
Ricky Wright,27,TEX,L,2,0,0,0,0,0,0,0,0,0
Butch Wynegar,30,NYY,S,61,226,4,1,2,0,2,0,0,0
Marvell Wynne,26,SDP,L,137,308,19,2,2,1,3,1,11,11
Steve Yeager,37,SEA,R,50,146,2,0,0,2,1,0,0,0
Floyd Youmans,22,MON,R,33,82,0,0,0,2,0,0,0,0
Matt Young,27,SEA,L,1,0,0,0,0,0,0,0,0,0
Mike Young,26,BAL,S,117,426,15,1,2,2,3,3,3,1
Joel Youngblood,34,SFG,R,97,208,12,0,0,2,3,1,1,1
Robin Yount,30,MIL,R,140,595,31,7,7,5,2,4,14,5
Paul Zuvella,27,NYY,R,21,57,1,0,0,4,0,0,0,0
